{
  "btcusdt": 971.290600000002,
  "ethusdt": 751.5243999999993,
  "xrpusdt": 1198.8432999999893,
  "solusdt": 1184.6934000000006
}