{
  "btcusdt": 273.57350000000025,
  "ethusdt": 271.8850000000004,
  "xrpusdt": 298.43930000000074,
  "solusdt": 289.00610000000063
}